 ,01/ene/24,02/ene/24,03/ene/24,04/ene/24,05/ene/24,06/ene/24,07/ene/24,08/ene/24,09/ene/24,10/ene/24,11/ene/24,12/ene/24,13/ene/24,14/ene/24,15/ene/24,16/ene/24,17/ene/24,18/ene/24,19/ene/24,20/ene/24,21/ene/24,22/ene/24,23/ene/24,24/ene/24,25/ene/24,26/ene/24,27/ene/24,28/ene/24,29/ene/24,30/ene/24,31/ene/24,01/feb/24,02/feb/24,03/feb/24,04/feb/24,05/feb/24,06/feb/24,07/feb/24,08/feb/24,09/feb/24,10/feb/24,11/feb/24,12/feb/24,13/feb/24,14/feb/24,15/feb/24,16/feb/24,17/feb/24,18/feb/24,19/feb/24,20/feb/24,21/feb/24,22/feb/24,23/feb/24,24/feb/24,25/feb/24,26/feb/24,27/feb/24,28/feb/24,29/feb/24,01/mar/24,02/mar/24,03/mar/24,04/mar/24,05/mar/24,06/mar/24,07/mar/24,08/mar/24,09/mar/24,10/mar/24,11/mar/24,12/mar/24,13/mar/24,14/mar/24,15/mar/24,16/mar/24,17/mar/24,18/mar/24,19/mar/24,20/mar/24,21/mar/24,22/mar/24,23/mar/24,24/mar/24,25/mar/24,26/mar/24,27/mar/24,28/mar/24,29/mar/24,30/mar/24,31/mar/24,01/abr/24,02/abr/24,03/abr/24,04/abr/24,05/abr/24,06/abr/24,07/abr/24,08/abr/24,09/abr/24,10/abr/24,11/abr/24,12/abr/24,13/abr/24,14/abr/24,15/abr/24,16/abr/24,17/abr/24,18/abr/24,19/abr/24,20/abr/24,21/abr/24,22/abr/24,23/abr/24,24/abr/24,25/abr/24,26/abr/24,27/abr/24,28/abr/24,29/abr/24,30/abr/24,01/may/24,02/may/24,03/may/24,04/may/24,05/may/24,06/may/24,07/may/24,08/may/24,09/may/24,10/may/24,11/may/24,12/may/24,13/may/24,14/may/24,15/may/24,16/may/24,17/may/24,18/may/24,19/may/24,20/may/24,21/may/24,22/may/24,23/may/24,24/may/24,25/may/24,26/may/24,27/may/24,28/may/24,29/may/24,30/may/24,31/may/24,01/jun/24,02/jun/24,03/jun/24,04/jun/24,05/jun/24,06/jun/24,07/jun/24,08/jun/24,09/jun/24,10/jun/24,11/jun/24,12/jun/24,13/jun/24,14/jun/24,15/jun/24,16/jun/24,17/jun/24,18/jun/24,19/jun/24,20/jun/24,21/jun/24,22/jun/24,23/jun/24,24/jun/24,25/jun/24,26/jun/24,27/jun/24,28/jun/24,29/jun/24,30/jun/24,01/jul/24,02/jul/24,03/jul/24,04/jul/24,05/jul/24,06/jul/24,07/jul/24,08/jul/24,09/jul/24,10/jul/24,11/jul/24,12/jul/24,13/jul/24,14/jul/24,15/jul/24,16/jul/24,17/jul/24,18/jul/24,19/jul/24,20/jul/24,21/jul/24,22/jul/24,23/jul/24,24/jul/24,25/jul/24,26/jul/24,27/jul/24,28/jul/24,29/jul/24,30/jul/24,31/jul/24,01/ago/24,02/ago/24,03/ago/24,04/ago/24,05/ago/24,06/ago/24,07/ago/24,08/ago/24,09/ago/24,10/ago/24,11/ago/24,12/ago/24,13/ago/24,14/ago/24,15/ago/24,16/ago/24,17/ago/24,18/ago/24,19/ago/24,20/ago/24,21/ago/24,22/ago/24,23/ago/24,24/ago/24,25/ago/24,26/ago/24,27/ago/24,28/ago/24,29/ago/24,30/ago/24,31/ago/24,01/sep/24,02/sep/24,03/sep/24,04/sep/24,05/sep/24,06/sep/24,07/sep/24,08/sep/24,09/sep/24,10/sep/24,11/sep/24,12/sep/24,13/sep/24,14/sep/24,15/sep/24,16/sep/24,17/sep/24,18/sep/24,19/sep/24,20/sep/24,21/sep/24,22/sep/24,23/sep/24,24/sep/24,25/sep/24,26/sep/24,27/sep/24,28/sep/24,29/sep/24,30/sep/24,01/oct/24,02/oct/24,03/oct/24,04/oct/24,05/oct/24,06/oct/24,07/oct/24,08/oct/24,09/oct/24,10/oct/24,11/oct/24,12/oct/24,13/oct/24,14/oct/24,15/oct/24,16/oct/24,17/oct/24,18/oct/24,19/oct/24,20/oct/24,21/oct/24,22/oct/24,23/oct/24,24/oct/24,25/oct/24,26/oct/24,27/oct/24,28/oct/24,29/oct/24,30/oct/24,31/oct/24,01/nov/24,02/nov/24,03/nov/24,04/nov/24,05/nov/24,06/nov/24,07/nov/24,08/nov/24,09/nov/24,10/nov/24,11/nov/24,12/nov/24,13/nov/24,14/nov/24,15/nov/24,16/nov/24,17/nov/24,18/nov/24,19/nov/24,20/nov/24,21/nov/24,22/nov/24,23/nov/24,24/nov/24,25/nov/24,26/nov/24,27/nov/24,28/nov/24,29/nov/24,30/nov/24,01/dic/24,02/dic/24,03/dic/24,04/dic/24,05/dic/24,06/dic/24,07/dic/24,08/dic/24,09/dic/24,10/dic/24,11/dic/24,12/dic/24,13/dic/24,14/dic/24,15/dic/24,16/dic/24,17/dic/24,18/dic/24,19/dic/24,20/dic/24,21/dic/24,22/dic/24,23/dic/24,24/dic/24,25/dic/24,26/dic/24,27/dic/24,28/dic/24,29/dic/24,30/dic/24,31/dic/24
Hidráulica,58.381148,68.004167,93.86243,139.605013,83.467494,77.899805,89.11971,145.217971,172.224091,162.337094,156.155254,124.592762,135.262175,106.944914,135.473005,110.516001,105.663619,120.280946,138.41103,139.022481,140.140502,144.47763,150.234757,143.724516,159.200842,168.669879,126.444048,113.783187,138.206953,163.186114,161.420042,149.211156,122.318107,104.288373,90.111504,141.690735,136.927256,107.914654,104.425527,105.536387,64.691917,74.778927,87.428426,137.683018,137.162706,127.062586,115.391932,100.908897,93.143828,85.726314,122.882415,136.675895,81.186192,67.851498,61.91768,60.526056,91.715323,102.203401,112.703468,118.197118,120.075062,119.988615,105.774022,122.41484,146.33928,166.026777,147.53527,153.631653,150.465797,133.799754,152.89934,166.376959,173.150958,177.693195,184.641152,168.534572,169.632566,188.953091,195.556326,185.28107,164.172094,171.375734,132.165274,123.326013,176.180785,165.441915,120.29411,126.316682,140.679124,148.040512,140.437355,139.235069,151.754204,156.134704,155.276664,149.882708,151.884853,159.621822,162.77421,155.489433,165.619338,145.625993,166.650407,149.885286,137.150432,132.200924,117.864386,121.361317,119.699274,134.875614,109.071336,86.479759,91.261842,94.302214,110.481443,161.585476,169.178078,109.330029,111.476121,146.863058,101.787923,65.590659,75.138465,89.933762,91.919757,90.851369,123.140928,100.45584,89.877407,103.530704,103.776385,81.090969,86.105629,92.3916,80.899968,97.218754,112.990545,139.344969,94.312753,84.171832,97.718604,110.969526,102.866025,108.04234,103.06778,88.330429,81.209674,89.67708,99.7195,107.115165,93.709779,80.525411,55.208696,51.860633,82.582405,113.636767,120.653352,110.409849,112.09986,92.20274,61.583792,77.961035,80.378172,72.308473,77.669557,68.727263,42.590127,49.437524,70.691595,92.957932,103.971092,92.539689,90.314932,66.116684,52.093373,71.13712,86.499837,103.415697,98.958958,92.67053,75.356789,72.298419,62.157668,75.153796,82.913631,74.912935,76.095462,45.871181,50.142426,66.483719,73.671171,89.335636,89.658803,74.46854,60.498044,52.325447,58.259027,81.848269,79.506934,99.783954,85.009174,54.283183,40.172931,51.091067,77.216645,83.10886,69.44759,68.493919,63.142391,47.427412,83.702819,70.898168,83.415568,68.347644,50.912502,53.165477,49.537044,68.335612,65.137584,60.363253,64.538726,71.0721,57.993657,47.413536,73.528045,76.285329,60.610189,29.949397,42.424285,47.299099,37.77806,46.398009,60.978296,52.639956,74.027577,69.770494,38.321661,23.806482,61.878149,87.947126,77.039246,69.654164,64.88624,57.710407,51.354359,60.435757,57.946295,45.593898,66.101778,61.132574,65.93689,46.108438,55.628542,53.018496,50.081879,53.426129,41.037644,32.017188,26.512184,30.36392,31.607412,60.374063,91.60644,95.164756,81.529789,75.249516,73.611245,75.150887,49.923743,36.739497,37.632107,46.017627,37.938071,64.193783,70.385073,68.748783,74.16007,85.719782,74.324042,43.470679,64.790732,54.857266,58.726796,92.850686,115.705881,104.17345,88.764802,125.145451,109.980387,89.129223,84.797593,93.797312,88.910031,78.097616,109.939695,107.860824,112.340881,102.602237,121.772832,117.600418,113.798625,98.089892,120.332367,110.189287,116.556149,104.70236,105.173746,91.701339,115.102872,125.513356,118.45762,119.633459,133.54222,99.663988,79.503603,79.417619,70.782452,97.204357,103.627771,96.550966,87.18038,86.92749,101.035424,90.258215,64.618811,61.543325,84.546304,51.283705,51.553105,73.918535,99.765451,89.317625,88.27863,84.090783,76.013019,83.728538,89.88121,85.680536,78.29374,78.138173,63.295897,39.369806,38.013275,62.531637,101.704396,124.778419,130.351559,127.371198,96.778376,56.27161,80.643501,87.026047,85.262841,68.373635,85.116081,70.867252,54.460304,50.045509,45.107324,57.037989,85.411645,86.725242,89.601996,81.843975,94.504526,89.173941
Nuclear,171.096199,171.019317,170.924516,171.083241,171.090338,171.127204,171.069125,171.170568,171.079138,171.131662,171.143508,171.114739,171.164655,156.422146,145.627024,150.913766,152.064408,146.629506,166.184559,169.830663,171.052333,171.025768,170.376489,170.874142,170.815761,170.925228,164.784926,166.428643,170.83515,170.151484,170.72972,170.906761,170.920175,170.96944,170.958425,170.726485,170.805171,170.749114,170.740939,170.845315,156.883472,165.848859,166.33343,146.682643,146.614007,154.5762,169.874689,170.911894,170.94713,170.653746,170.571996,170.585714,141.776872,134.108255,129.770254,112.719498,119.487618,120.973536,134.148459,138.187984,144.479984,124.953885,120.546048,121.223681,129.9957,142.539367,144.77764,138.975173,105.222903,87.753496,87.799491,87.803806,87.772747,87.512053,87.274771,87.093805,102.278575,110.902672,110.775891,110.582133,110.40595,110.229836,110.050065,110.775622,116.272771,118.91133,124.362133,127.377897,127.393574,124.650522,107.08893,111.747091,111.73367,116.49571,127.937431,128.710071,128.779961,111.999495,104.214196,104.078765,103.862468,103.648546,103.462777,112.68077,126.626893,126.808338,126.523877,126.725218,126.152469,126.51374,126.396674,126.288355,126.198757,126.041737,125.655597,125.617767,118.04331,103.859168,103.763708,104.216324,111.08088,111.285167,111.489063,111.409877,110.868106,111.63248,110.420832,116.007096,123.563929,130.6441,132.755035,122.082713,120.292162,119.922096,119.45205,120.009936,115.307148,107.454506,107.722318,110.521204,113.792054,119.072809,116.283258,97.375186,97.247819,97.135143,98.653951,112.164532,119.907415,119.307972,119.894684,119.398651,119.78679,118.174946,98.111971,105.013957,115.271633,119.923056,120.083785,120.887671,121.02355,121.020026,122.85427,138.710327,142.124977,145.965998,150.921131,156.602919,164.084279,167.998242,168.331963,168.667259,168.793166,168.508604,168.341508,168.122103,167.890202,167.751885,167.561987,167.674623,167.823686,167.7383,168.06184,168.014617,167.875643,167.395286,167.012341,167.276412,167.835219,167.338084,167.299058,167.133184,166.721279,148.162403,142.264869,147.958388,159.483686,165.242701,166.823455,165.950069,165.996438,166.173839,157.824043,162.984864,166.332759,166.054175,166.109822,166.029011,165.379699,164.534025,164.428594,164.543244,164.506055,164.462809,164.705054,165.034023,160.255319,161.884441,165.645037,166.033792,165.999042,165.842871,165.846664,165.879653,165.593911,165.835563,166.65055,166.975495,166.654301,166.312359,166.117718,166.576673,161.12222,165.817771,165.612778,165.78998,165.814523,166.297291,166.261044,165.837227,165.670383,165.646933,165.861703,165.926567,165.90984,165.779302,166.299829,166.433761,166.488467,166.112522,167.037827,167.221146,167.32216,167.223151,167.301079,167.229234,167.96079,168.047435,167.849089,167.867167,167.727653,167.492291,167.472107,167.419619,167.514712,168.155331,168.02239,167.980205,167.552282,167.052248,167.557281,168.465101,167.276339,164.814913,167.59106,167.948962,167.588402,168.626354,168.283698,161.570205,143.943588,145.278222,145.352686,145.436285,145.765045,145.780316,145.724355,145.609336,145.619055,145.67334,145.858101,146.046857,145.916529,139.904685,140.338237,145.145531,145.619668,145.509847,145.528024,145.70929,151.966909,145.972589,145.25777,145.609045,145.982565,139.101993,122.102744,122.071607,122.054101,121.991753,122.054893,122.090786,123.536267,130.330841,140.676361,130.318779,121.667626,122.072252,122.091395,122.097941,122.116156,122.163195,122.12799,122.05757,122.07306,122.110988,110.676571,96.913682,97.274956,106.857066,115.673158,120.850071,122.152416,122.157754,122.150629,122.168869,122.15064,122.152366,122.227858,122.292839,122.313097,122.344373,122.465736,122.48981,122.494885,122.495304,122.450997,122.498168,122.505899,122.516489,122.534687,122.534588,122.506675,122.884766,137.093426,146.427723,146.494388,149.864845,154.864292,163.008724,170.325728,170.693745,170.821057,170.842242,170.791396,170.833773
Carbón,6.327863,6.972359,8.052608,7.966044,7.141985,6.687142,7.122084,9.635179,12.786256,12.313618,12.065802,12.086558,7.569225,6.996563,7.886529,7.417231,7.997911,7.946837,7.888117,7.16085,6.427929,7.894839,11.065302,11.649033,11.694225,9.050564,6.9717,5.845693,8.914588,12.136185,12.287535,10.450167,7.821516,6.047937,6.018715,7.023221,7.202461,7.145152,7.201532,6.944783,5.959082,5.844753,7.585017,7.581264,7.555079,7.399417,7.442176,6.456113,6.120053,8.011786,8.191373,8.172911,8.199295,8.107468,5.87023,5.861029,7.718803,7.780914,7.842097,7.69421,7.923612,6.511182,5.898711,6.716983,7.722374,7.809811,5.960938,6.84578,5.877397,5.953848,5.888642,9.559065,9.434063,9.447723,6.422354,5.947929,5.844849,6.643637,6.715578,7.656061,7.572734,7.465481,6.154403,5.93813,7.191793,7.208209,7.201802,6.739642,5.889898,6.113105,5.644337,7.872203,8.498242,8.49209,8.507634,7.683781,6.032425,6.087546,7.011769,7.415957,6.905868,7.199926,6.910303,5.893405,5.583313,8.170181,8.887899,8.103588,8.107981,7.981469,5.899849,5.893914,7.818728,7.988516,7.984752,7.960062,7.979312,6.109685,6.108561,7.439899,7.05174,5.88797,6.524188,6.602533,5.970548,5.907028,7.096636,7.677607,8.740095,7.518726,7.496115,7.64236,8.243848,9.975514,10.382342,10.590083,10.482647,10.354525,7.2413,6.792465,6.625075,6.632228,6.632641,6.255474,6.248101,6.61307,7.837901,8.214327,8.626192,8.146591,8.200828,8.34507,7.852777,7.83625,8.066125,8.852603,8.599243,8.282093,6.922293,5.910934,5.918877,8.143314,8.886021,8.620965,8.488397,7.791585,5.905596,5.898714,6.129584,6.301771,7.809775,6.164816,6.147658,6.654172,7.65308,7.646371,8.497036,8.377732,8.370768,6.912523,6.142844,5.921242,6.477353,7.512607,7.3351,7.263036,6.973822,5.499303,4.707354,7.089,6.50953,6.851952,6.816524,6.625521,6.754049,6.016886,6.972944,7.574172,7.710014,7.582467,7.383966,6.565004,6.4924,6.917266,6.932909,6.92399,6.896734,6.870602,6.41847,6.084259,7.685912,7.775146,8.373523,9.550306,10.899618,6.80322,6.36949,7.785913,8.982237,8.481975,8.489523,8.498343,6.29748,7.675937,7.143649,7.21309,7.108044,5.935498,7.11631,5.943578,5.938837,6.85387,6.823739,6.993856,6.85744,6.824541,5.941457,5.969018,6.660718,6.718318,7.209243,7.65303,7.449399,6.186071,7.659384,12.552448,13.735715,13.758533,13.307931,11.743812,6.109099,5.933425,8.003208,12.051098,12.948262,13.172729,12.456504,6.044693,6.045561,8.052719,8.890931,9.015996,9.508059,9.503916,6.084826,7.789559,11.503322,13.174957,13.102107,13.43844,11.828557,7.677561,6.337257,8.598256,9.033593,8.919629,9.524944,9.638501,6.230521,5.938807,9.956,8.974693,10.734033,11.026879,10.005807,5.937205,7.117296,10.70311,12.861722,13.908169,14.293083,10.153179,6.084216,6.145197,11.316269,12.368232,12.243985,11.932914,12.113378,6.017986,8.223231,12.034794,11.959152,11.901378,13.088033,10.70902,9.911348,6.0425,8.517972,12.124552,7.873749,6.817079,8.320295,6.469341,6.266901,6.562657,6.430801,8.330156,12.010948,12.656961,6.638514,6.409919,9.237897,9.384917,6.586535,6.366311,6.945727,5.981139,6.064297,11.762839,22.134044,18.600789,15.749986,15.918943,11.250032,11.478079,17.329006,10.399603,7.882905,7.695219,6.299571,6.279568,6.164161,7.097965,12.723679,21.846707,19.044733,11.0663,6.171949,6.669304,12.462548,16.811021,13.439661,7.278489,7.715779,6.791455,6.686294,8.306302,7.186324,6.873698,10.218335,10.617781,10.358516,10.016304,11.073341,11.10192
Fuel + Gas,-,-,-,-,-,-,-,-,-,-,-,-,-,-,-,-,-,-,-,-,-,-,-,-,-,-,-,-,-,-,-,-,-,-,-,-,-,-,-,-,-,-,-,-,-,-,-,-,-,-,-,-,-,-,-,-,-,-,-,-,-,-,-,-,-,-,-,-,-,-,-,-,-,-,-,-,-,0.000001,-,-,-,-,-,-,-,-,-,-,-,-,-,-,-,-,-,-,-,-,-,-,-,-,-,-,-,-,-,-,-,-,-,-,-,-,-,-,-,-,-,-,-,-,-,-,-,-,-,-,-,-,-,-,-,-,-,-,-,-,-,-,-,-,-,-,-,-,-,-,-,-,-,-,-,-,-,-,-,-,-,-,-,-,-,-,-,-,-,-,-,-,-,-,-,-,0.000001,-,-,-,-,-,-,-,-,-,-,-,-,-,-,-,-,-,-,-,-,-,-,-,-,-,-,-,-,-,-,-,-,-,-,-,-,-,-,-,-,-,-,-,-,-,-,-,-,-,-,-,0.000001,-,-,-,-,-,-,-,-,-,-,-,-,-,-,-,-,-,-,-,-,-,-,-,-,-,-,-,-,-,-,-,-,-,-,0.000001,-,-,-,-,-,-,-,-,-,-,-,-,-,-,-,-,-,-,-,-,-,-,-,-,-,-,-,-,-,-,-,-,-,-,-,-,-,-,-,-,-,-,-,-,-,-,-,-,-,-,-,-,-,-,-,-,-,-,-,-,-,-,-,-,-,-,-,-,-,-,-,-,-,-,-,-,-,-,-,-,-,-,-,-,-,-,-,-,-,-,-,-,-,-,-,-,-,-,-,-,-,-,-,-
Motores diésel,6.20673,7.293833,7.361897,6.899995,7.125165,6.629876,6.712739,7.379005,6.912088,7.591987,7.284077,6.867183,6.845213,6.988793,7.123739,6.484638,6.79601,6.567396,6.616888,5.987188,5.624021,6.018802,6.594926,6.473855,6.323019,6.791418,6.68535,6.165825,6.288502,6.416227,6.26188,6.541786,6.289943,6.729889,6.360914,6.508975,6.762975,6.863122,7.888164,7.445374,7.477462,6.878623,6.095277,6.451535,6.988155,6.707072,6.036337,5.010851,5.323557,6.678199,6.523791,6.824738,6.863733,5.707593,5.488873,5.258237,5.892122,5.930616,5.790701,5.916099,5.263442,5.754406,6.067227,6.188615,6.017391,6.27234,6.883097,7.025737,7.215567,6.445657,6.839169,6.855959,6.864793,7.070819,6.775663,6.466066,6.132342,5.724614,5.239688,4.883633,5.549516,6.299215,7.145804,6.461006,6.596892,7.205415,7.740677,5.448176,4.9339,5.985662,5.800663,7.158583,7.146809,6.670353,7.170522,7.496409,6.589387,5.163364,6.034425,6.031732,5.960502,7.064689,6.949804,6.372036,5.939737,7.105174,6.955852,7.361479,7.877837,7.539611,6.450919,5.786274,6.624801,6.901533,6.740216,6.662261,6.426279,6.304127,5.326115,5.617646,5.112156,5.191477,5.584798,5.978036,6.596993,5.903487,5.798038,6.05563,6.199668,6.02772,5.922095,5.490221,5.090196,5.426246,5.493311,5.723376,6.315906,7.132845,7.236287,6.96056,7.173706,5.886389,6.353908,6.440096,6.813698,5.783053,5.538405,6.709226,7.145391,6.645208,5.932094,5.857289,6.958024,5.570866,6.476464,6.465845,6.339201,7.098811,7.109486,6.950574,6.464172,6.705441,7.132316,6.652764,6.522585,7.017787,6.700377,6.616995,6.938491,6.974655,6.123236,6.32174,6.315276,5.757008,6.582829,6.745763,7.366677,7.120969,7.237137,7.483867,6.805347,6.359087,6.620228,6.505184,7.318565,7.802421,7.826206,7.414709,6.935566,7.499633,7.455105,7.255327,7.938807,7.936582,7.832508,7.899893,7.944968,8.047749,8.149239,8.290566,8.894756,7.973307,7.630672,8.111741,8.853134,9.650707,9.581003,9.454824,8.609737,8.475673,9.188229,9.299748,8.527451,8.300475,7.979932,8.443682,8.624616,9.173972,8.930658,8.105712,7.825243,8.024536,8.146926,8.177525,8.89432,8.239269,8.002791,7.816828,9.220335,7.973613,8.116983,8.59103,9.12222,7.876268,7.931937,7.508752,7.983087,7.85083,8.2659,9.241008,8.57827,8.482646,8.474124,8.275186,8.033769,8.175239,8.272285,8.269061,8.03819,8.649826,8.460551,8.527435,7.918942,7.482313,7.384967,7.056356,7.753532,7.108194,6.999976,8.132905,8.13855,8.025459,8.299099,8.160628,8.050682,6.864435,6.99179,6.968583,7.760054,7.699317,7.438108,6.89327,6.810171,6.674112,6.503313,6.891718,6.940295,7.170911,7.270638,7.431839,7.984277,8.404959,7.968532,8.301097,8.508554,7.311743,6.95649,8.091901,8.39873,8.685351,6.828474,6.765961,5.875617,5.578901,6.23198,6.042523,6.514913,6.323857,6.453178,5.723988,5.369643,6.444716,7.770445,7.816702,7.966046,7.232069,7.226743,6.525012,7.204883,7.026725,7.346277,7.616719,7.504461,6.589541,6.114548,6.022745,6.410874,6.389794,6.72049,6.964663,6.105863,6.150098,6.733274,7.349557,7.108117,7.290625,6.879599,6.679827,6.03976,6.582149,6.77063,6.641932,6.687709,6.487156,6.176982,6.00874,6.510181,5.529424,5.753331,6.418933,6.330627,6.070093,5.535769,5.763017,5.985839,7.058566,8.318456,7.776731,6.795586,7.083033,6.403718,6.881296,6.660194,7.075968,6.069904,5.372698,5.609493,6.243366,6.607616,5.751271,7.001137,7.269416,5.772493,6.096314,6.949349,6.887001
Turbina de gas,0.747236,1.155047,1.241935,1.343638,1.365288,1.080723,0.88315,1.408089,1.321641,2.300806,1.968463,1.425499,1.005464,1.353301,2.468778,2.068568,2.28549,2.373928,1.915926,1.177082,1.129999,2.123162,2.207003,2.292976,2.513335,2.211722,1.516234,1.437319,2.601163,2.347618,2.516603,2.709123,1.525531,1.640939,1.205831,2.052053,2.489268,2.584868,1.84114,2.072568,1.21227,1.211869,1.941054,1.771571,3.40279,2.427656,1.742494,1.089669,1.101,1.892604,1.445048,1.232152,1.389267,0.875175,1.006556,0.749882,1.308252,1.45525,1.37886,0.904847,0.886029,0.792,0.795783,1.21152,1.29931,0.987826,1.266893,1.50254,1.253258,1.235256,2.10428,2.074338,1.913415,1.748628,1.898469,1.253403,1.362641,1.569688,1.221074,1.814746,2.501334,2.061086,2.944739,2.117102,2.251101,2.170537,2.169223,1.093348,1.003079,0.884237,0.952425,1.147656,1.884411,1.88945,1.39328,1.276807,1.002306,0.678674,1.655325,1.971544,1.678462,1.845159,1.39947,0.932979,0.834236,1.436078,1.629346,2.048902,2.137874,1.224459,0.97328,0.921979,1.745932,2.2673,2.182255,1.692914,1.644832,0.945022,0.69782,1.859694,2.122209,1.105861,0.82063,1.089009,0.989836,1.009405,1.977189,1.847331,2.484911,1.61475,0.735535,0.714166,0.752649,1.113705,1.233703,1.23817,1.076462,1.105392,0.998166,0.824096,1.159009,1.696161,1.518945,1.354844,1.03794,1.218228,0.817245,1.686207,2.402804,1.760026,2.900165,2.944091,2.550559,1.976803,2.239713,1.676397,1.822778,2.293095,2.222578,2.231369,1.436581,2.680039,3.180276,1.741254,1.228555,2.884487,3.30626,3.09226,3.687574,4.024304,3.042012,2.527971,2.076829,2.304897,1.792474,2.011909,2.088749,2.590645,2.546136,2.37579,1.528421,1.649106,2.831276,2.037028,2.560149,2.495929,1.955099,1.749583,1.092232,2.42951,1.734643,1.748646,1.816194,1.993392,1.348941,1.390265,1.99841,2.395272,2.469485,2.354659,3.714028,1.842079,1.782961,2.05118,2.08356,2.516852,3.09442,2.370897,2.108166,1.972611,3.451431,3.218062,2.689644,2.472151,2.8071,2.29982,2.265181,2.86953,2.703839,3.173363,2.69645,2.440693,1.97629,1.609843,2.85959,3.000891,4.076677,2.032283,1.806094,1.350061,2.004889,3.260461,4.863171,1.640913,2.397053,1.974137,1.779632,1.592122,1.705684,2.167036,1.923661,2.056701,2.169549,1.892185,1.872506,2.241468,3.008092,2.248735,1.645218,1.791833,2.196829,1.787479,1.847541,1.615543,1.722614,1.62096,1.067682,1.055852,1.321848,2.486365,3.051691,3.237342,3.058132,2.636681,2.076729,1.433631,2.45585,1.869782,2.196114,2.552255,2.739571,1.508533,1.269823,1.777225,2.221915,1.774185,1.822958,1.371762,1.338479,1.672283,2.913181,3.309048,2.909275,3.30591,1.69582,1.34015,1.156188,2.757166,3.240717,3.158494,2.220262,1.542406,0.947017,0.806491,1.079296,1.703888,1.677741,1.758254,1.287801,1.1589,0.838934,1.469329,1.523645,1.620397,1.682614,1.263571,1.31938,0.904707,1.446209,1.287985,1.932064,1.862472,1.907058,1.05421,0.888601,1.323356,2.468423,2.347818,2.216819,1.578094,0.993542,1.539941,2.500799,1.490549,2.95935,3.006431,1.859307,1.911524,0.961323,2.113135,1.99231,1.874737,1.63416,1.615893,1.677299,1.542079,1.750843,1.588472,1.401414,1.674462,1.302169,0.935753,0.801815,1.849528,1.24572,1.813899,2.437485,1.579735,1.503578,2.516146,2.523314,1.970315,1.722104,1.892306,0.963491,0.715212,0.902393,1.039989,1.377914,0.668718,1.561361,1.574811,0.892912,0.974684,1.518598,1.645227
Turbina de vapor,2.70507,3.40482,3.34413,3.229634,2.89919,1.875808,1.759438,2.34169,3.712752,4.58943,4.627426,3.872866,3.902312,4.445052,4.99365,4.359554,5.244408,4.895222,4.4279,3.428266,3.08138,3.614894,4.846816,4.17064,4.734156,4.84165,4.685204,3.936636,4.503634,4.506372,4.778736,5.18569,4.10721,4.669838,4.64218,5.34126,5.103708,5.15276,4.978496,5.114986,4.033094,3.36162,3.103092,3.301922,4.057898,3.67971,2.684548,2.144378,2.366868,3.476284,2.621712,2.67809,2.953114,2.44289,2.205848,2.222034,2.17871,2.51398,3.428552,3.295444,3.09972,3.299532,3.366808,3.584586,3.498482,3.654082,4.808898,4.60415,4.812802,3.347142,3.980218,4.165624,3.870902,3.826722,3.839532,3.428384,3.443816,4.037398,3.139376,3.257078,4.605038,4.773978,3.694366,3.55095,4.263368,3.90748,4.72291,3.448646,3.50549,3.679292,3.768356,4.729062,4.072344,3.907586,3.90501,4.183774,3.84789,3.408652,3.83983,3.224212,3.334358,3.04165,3.169478,3.130102,2.657554,2.929624,2.893692,3.020602,3.011496,2.757384,3.428512,3.102334,3.478562,3.66613,3.541428,3.14952,3.113324,3.562602,3.049156,3.106108,3.216612,2.984776,2.995752,3.091486,3.23464,3.061224,3.249704,3.749344,4.55749,3.74358,3.195634,3.052364,2.972224,3.507734,3.278856,3.467392,4.067166,4.533658,3.748532,3.564316,3.349656,3.158204,3.492432,3.592998,3.861208,3.668736,3.141342,3.641682,4.169226,4.693798,3.04341,3.441418,4.12834,2.795726,3.112638,2.945038,2.89197,3.1748,3.330078,2.708558,2.460732,2.88747,2.479056,2.318418,2.250276,2.436858,2.287606,2.28654,2.407746,2.512708,2.572138,2.337222,2.301968,2.416154,2.91103,3.259642,3.113088,3.0075,3.217554,2.909116,2.38157,2.395672,2.319762,2.971442,3.679624,4.809398,3.94308,3.327396,3.207118,3.917954,3.04825,2.681794,2.633936,3.156348,3.072732,3.299016,3.2693,3.642262,4.525198,4.86264,4.223954,3.446008,3.12008,3.186886,4.19466,3.664604,3.187862,2.053496,2.90472,3.507194,4.556674,4.705804,3.699124,3.154522,2.975166,3.1561,3.627332,4.711978,3.530982,3.024102,3.347984,3.477842,3.310746,3.15273,3.366242,2.231968,2.357602,3.305262,4.265408,3.658618,3.106444,4.127162,3.059004,2.940154,3.1762,3.188576,3.582016,3.0613,3.18361,3.712354,3.49754,3.55551,3.908968,3.725554,3.292194,3.22134,3.237518,3.56553,4.152504,4.138202,2.82676,2.752804,2.250432,2.213124,2.239214,2.28532,2.23643,1.47664,1.502688,1.860486,2.171878,2.067464,2.542782,1.894172,3.04024,2.345078,2.438258,2.278186,2.279364,2.690792,2.460506,2.440892,2.275968,2.722372,2.651152,2.495644,2.33559,1.99762,2.581756,2.931818,3.179972,3.348908,3.06488,2.825124,2.77591,2.382048,2.376172,2.72988,2.741054,3.26534,2.211942,2.297706,2.440632,2.370278,2.207542,2.256746,2.45282,2.601064,3.141596,2.977144,3.447424,3.989234,4.319862,4.62985,4.273304,2.743316,2.945176,2.421154,3.354896,3.11889,3.582276,1.953848,2.106258,2.20155,2.71218,2.479966,3.149974,3.548668,3.545072,3.73728,1.910494,1.768822,2.21438,2.791292,3.420352,3.409036,3.522886,3.823538,3.23899,3.898122,3.57271,3.745688,3.838574,3.743852,3.314476,3.085528,3.101008,2.643584,2.557836,3.034098,2.734838,2.884702,2.421784,2.642202,2.812434,3.453952,3.450978,3.226198,2.12714,2.07963,2.160574,2.065806,2.284108,2.100306,2.077768,1.558706,1.661696,1.529222,1.702618,1.534434,1.90027,1.719922,1.483096,1.561532,1.77578,1.86157
Ciclo combinado,84.443792,68.112492,74.598543,92.808246,64.429348,66.677794,70.239099,167.276806,290.995381,245.348483,208.633311,189.498479,106.247516,71.625895,113.264471,80.090346,47.941347,78.018242,66.694765,73.337956,72.337353,81.689605,128.915607,115.542773,129.657871,107.242,75.586691,65.375303,109.358389,127.695316,133.786436,98.868034,76.368936,71.286766,94.378987,148.905411,91.283973,70.192012,69.297113,67.085124,42.464651,59.068426,64.11561,90.696245,87.024224,76.588527,77.167308,63.944866,68.764964,84.306526,97.294904,82.575775,56.573558,47.173428,51.850024,52.783318,60.716078,55.206224,72.785213,54.210958,46.490987,43.834135,47.471251,54.328074,83.290149,82.825987,51.472596,43.275448,50.097483,56.875945,80.360586,108.220396,115.327007,92.019797,87.967075,85.027071,89.29723,118.895998,117.663565,88.205839,72.910269,75.902284,54.477255,61.382242,77.467538,62.44165,47.294383,44.592642,59.741418,67.426812,57.408915,58.031961,68.669292,65.958644,68.009776,53.741989,47.703429,62.251136,64.874556,66.081596,81.531075,76.573387,83.668647,74.34445,66.436155,72.213514,74.665972,68.517369,61.349918,64.861163,52.312551,57.784541,57.920936,56.125536,63.9528,77.947224,89.783594,61.719877,79.388818,108.610554,73.032059,51.689076,60.26093,58.945865,51.118801,60.158772,84.562512,79.755698,64.416882,64.085189,65.02807,55.18306,58.543994,58.693991,47.439629,54.164737,70.24409,85.154724,63.00733,67.03579,65.762637,63.077101,56.129336,67.554861,72.831908,63.130158,63.515554,67.150217,63.860986,81.760745,71.955518,62.814618,47.081829,46.143149,74.490998,92.867632,114.600605,99.161808,89.862922,76.709565,58.476169,64.680811,72.567321,65.60711,64.909277,51.727014,44.50918,45.57615,60.421539,71.604293,84.106912,75.699769,73.005743,53.009542,55.877664,58.989918,75.793487,92.004216,97.879235,80.818984,65.523836,66.198606,66.153975,69.087545,74.601282,72.216848,78.620786,53.394905,61.812288,75.013538,84.87103,114.494204,114.304923,87.835242,70.72195,75.893848,88.912533,94.881248,124.368608,178.351092,177.858249,84.410837,78.503092,79.998417,114.980821,149.348151,115.811887,126.311232,104.073027,82.73524,188.352806,166.769566,198.437905,182.968243,118.978622,93.292125,99.443774,134.746884,132.190797,98.126551,108.152502,116.067751,90.074824,83.636857,112.649963,107.636321,94.837056,79.489067,78.043347,77.488008,84.908062,91.355122,91.114815,97.302173,137.783631,130.281859,75.879982,70.356117,116.408775,173.68806,164.554864,164.205457,162.933969,140.529634,137.756581,148.117541,125.042073,106.998786,109.034487,102.998124,97.07235,97.404646,101.725509,100.141899,83.410688,92.270463,64.553073,55.237011,65.233714,75.999495,67.929107,101.608822,160.59256,160.203056,109.417927,93.454733,98.414325,100.661733,64.397461,61.225645,59.43296,67.718304,68.850763,113.702444,108.048543,114.593244,105.760093,119.702659,73.646939,69.524171,95.665944,67.508272,62.250506,112.876714,99.544439,77.570766,89.47185,143.024673,99.230711,80.366443,74.853232,74.650771,54.721095,75.401364,109.208558,86.609491,102.74554,87.106465,104.587221,89.505562,93.744783,88.582641,89.207781,98.085792,105.588876,95.703323,111.364885,93.957651,137.155462,178.681867,162.468316,144.537961,173.593648,124.420222,102.019098,89.984108,90.342849,117.468304,146.272002,153.101908,115.024866,132.675961,235.153391,183.068496,95.173701,91.548942,147.171419,72.983616,69.237534,122.973888,227.517786,211.14962,196.800669,166.420095,137.577528,150.246166,266.110249,264.346556,178.761777,173.926759,100.956275,78.990821,70.394404,113.292884,223.330742,343.387272,319.986063,334.84128,210.558283,122.581186,180.186276,216.384018,155.293002,95.271479,112.825242,83.237636,69.861027,76.314469,63.879994,102.619124,148.546749,166.653152,158.827016,182.143322,214.364128,203.632801
Hidroeólica,0.00365,0.00292,0.003037,0.009976,0.007722,0.002651,0.003196,0.005787,0.006182,0.017048,0.024375,0.01926,0.016282,0.00412,0.017531,0.01336,0.003434,0.004129,0.046268,0.11064,0.112369,0.090445,0.03421,0.039251,0.035078,0.04336,0.037149,0.013952,0.005407,0.003582,0.002917,0.011702,0.006719,0.005867,0.007093,0.005564,0.003522,0.007703,0.009738,0.004276,0.011858,0.007064,0.007391,0.007999,0.003101,0.023808,0.065728,0.114458,0.126832,0.022515,0.039732,0.060407,0.04117,0.110029,0.110344,0.12391,0.124732,0.137362,0.12152,0.127722,0.141351,0.137345,0.104107,0.094429,0.082408,0.08186,0.068421,0.053195,0.016613,0.028825,0.007901,0.003667,0.003121,0.005987,0.00776,0.004061,0.010927,0.087457,0.127027,0.126022,0.108953,0.068125,0.028807,0.025017,0.051835,0.093029,0.028167,0.006085,0.012283,0.006262,0.005052,0.004913,0.006933,0.038797,0.0419,0.013439,0.025925,0.086773,0.121697,0.145238,0.107066,0.029865,0.014665,0.012263,0.005994,0.018832,0.008629,0.003406,0.004438,0.023637,0.039167,0.045021,0.026785,0.02977,0.040162,0.092398,0.058635,0.026388,0.079563,0.082921,0.087185,0.077779,0.064307,0.065773,0.074699,0.08149,0.070366,0.041205,0.010195,0.047526,0.105556,0.113995,0.136185,0.112259,0.122097,0.092862,0.072451,0.043556,0.036527,0.026595,0.020659,0.064099,0.084602,0.073116,0.061198,0.091344,0.10739,0.118429,0.069146,0.062916,0.055406,0.052922,0.019027,0.028124,0.057954,0.086896,0.048982,0.005029,0.004827,0.008608,0.032845,0.068209,0.084096,0.116699,0.112483,0.117927,0.116477,0.104413,0.099707,0.117762,0.114751,0.113034,0.121327,0.116172,0.137771,0.140974,0.142788,0.126012,0.08972,0.08837,0.108981,0.11169,0.122434,0.119594,0.125235,0.13487,0.120904,0.131953,0.129618,0.112873,0.101014,0.141708,0.149315,0.150899,0.105037,0.053754,0.131979,0.133566,0.104042,0.073842,0.084841,0.129168,0.144428,0.150394,0.120212,0.045884,0.097014,0.09551,0.116129,0.095173,0.072148,0.087267,0.130505,0.154208,0.153149,0.152648,0.117517,0.111211,0.136261,0.134205,0.131819,0.131918,0.142537,0.106337,0.122851,0.157381,0.157093,0.151917,0.113369,0.13347,0.152203,0.090862,0.119839,0.13714,0.147584,0.138241,0.134147,0.154917,0.118978,0.066799,0.102449,0.1478,0.091416,0.065518,0.078789,0.117749,0.124501,0.127431,0.122922,0.066754,0.042922,0.039745,0.075557,0.127665,0.130519,0.135462,0.133996,0.115127,0.081171,0.042974,0.01844,0.017005,0.016378,0.013814,0.022209,0.057731,0.106414,0.081656,0.055026,0.043447,0.061214,0.059505,0.044757,0.110594,0.128571,0.123181,0.119164,0.108639,0.041212,0.007198,0.00879,0.015745,0.035255,0.009658,0.004985,0.005744,0.018695,0.006819,0.004272,0.023308,0.115995,0.106864,0.101117,0.087007,0.099636,0.10843,0.043773,0.050686,0.096361,0.112076,0.130686,0.098677,0.043777,0.006589,0.006724,0.011083,0.007915,0.003648,0.008166,0.022661,0.008197,0.010241,0.007492,0.008189,0.004269,0.033985,0.068621,0.026075,0.005386,0.004253,0.004624,0.003513,0.007984,0.004936,0.011868,0.00794,0.00814,0.002445,0.002479,0.004168,0.009575,0.003536,0.009206,0.011137,0.002349,0.007059,0.02175,0.072835,0.093055,0.042296,0.039291,0.030621,0.044915,0.082768,0.093648,0.03714,0.007679,0.01308,0.028438,0.025937,0.067247,0.075801,0.046541,0.025649,0.041308,0.104112,0.102854,0.064467,0.015703,0.013011,0.012217,0.015934,0.058839,0.043088,0.01436,0.022102
Eólica,159.629924,307.120989,284.990434,138.827131,306.634568,306.142135,264.20999,194.169846,26.13944,91.726101,146.738467,128.317339,157.95758,263.336523,264.006558,317.916942,416.543542,316.922476,288.302159,135.376688,129.907138,213.927636,128.486551,86.137132,81.981748,44.752769,86.34261,163.048859,137.503241,65.215441,67.538148,160.058398,205.501362,76.170013,29.178555,17.067094,111.819134,288.498444,332.442135,324.347017,397.055374,310.971088,330.040662,170.285537,159.284912,249.967987,240.37274,153.004757,101.189107,218.151326,153.069698,144.494639,379.391607,398.098296,357.111941,366.557198,377.39205,347.361277,274.762789,288.226151,310.95983,315.028054,274.589855,308.491775,146.748306,79.96912,289.595168,302.607514,292.198449,248.644229,231.966394,93.014328,77.374801,157.460818,126.370656,95.41351,84.456944,39.763279,48.838717,135.114588,191.344637,135.005988,253.237392,193.295483,196.840973,263.159852,333.453481,295.68035,209.971476,186.8605,227.60461,223.711925,204.014655,186.222077,139.027164,191.41815,186.462069,91.347759,201.573438,155.964721,146.888242,137.661231,60.977807,43.107411,46.786846,136.669749,191.509277,205.421331,215.736364,133.459094,188.107769,188.435204,252.935401,234.17439,199.756545,104.110204,108.510289,209.973403,54.357391,85.177861,182.271496,239.280562,235.999846,176.568479,196.529688,167.654989,142.439708,174.216299,177.038922,96.678303,108.390712,118.186575,49.866131,156.674,226.610413,168.959759,156.578817,94.897435,67.82799,61.524653,90.724919,112.836455,111.985539,108.815126,91.542784,93.974824,79.390949,132.260272,98.715614,97.02163,179.415755,264.283139,260.65425,225.084465,187.328043,68.21932,72.144929,158.323884,203.013011,166.72261,240.387185,221.585412,181.06666,186.103941,107.552536,157.684112,136.165253,99.353543,144.32558,137.337518,100.56359,146.986741,82.025632,109.637403,149.091202,126.982599,97.98859,123.670793,133.97687,189.309909,162.694414,63.053465,188.165552,183.086899,141.516082,142.719661,154.528047,159.244667,97.606936,134.869222,141.90607,77.065111,132.897387,193.751919,138.17491,105.715601,197.393205,104.718854,107.667502,75.033159,63.50261,161.599155,192.396414,165.421292,131.984876,133.21164,148.619435,108.159577,114.09314,161.422876,127.700007,164.074942,81.769815,116.460742,195.999068,133.404444,93.095141,75.641916,109.019356,154.316919,125.575336,111.608618,137.34389,141.70039,97.295021,112.51941,159.691833,156.947949,114.461691,111.596507,144.696817,138.736935,127.772456,177.984273,64.20508,84.704015,168.265921,198.422862,131.695151,55.478552,106.243512,151.180075,143.769398,121.774094,43.888721,92.987451,154.191239,188.827773,112.885261,141.98909,87.81561,96.782895,138.193414,157.352845,169.065011,191.591159,252.075126,167.845102,181.352742,257.511967,265.948671,170.716222,98.509024,84.15901,103.501548,53.47572,90.330871,123.855095,268.595404,354.443372,256.237476,127.464713,138.38647,75.67045,134.349576,235.014173,230.811336,132.855232,151.390836,218.852314,284.06224,328.064264,331.09941,153.270541,129.239554,165.298112,73.526508,81.908063,201.259171,234.058937,252.505448,252.476799,175.244455,121.686717,90.560644,169.184949,123.466438,179.729496,157.521455,149.349753,100.953782,203.645377,262.955129,241.608638,125.511701,77.737003,55.142604,125.102461,113.026168,39.429122,51.891683,82.917633,90.45896,133.618265,164.965926,246.8395,300.593358,251.981588,187.901652,140.497648,112.674105,58.871003,41.067239,144.891922,339.185828,440.653368,259.699682,237.677367,330.404255,294.080846,100.738378,78.956614,92.515477,145.845238,103.186246,85.415691,72.264432,135.481372,245.554253,196.902582,242.492533,332.209165,364.499781,354.685509,175.06931,46.840827,63.638911,29.854771,109.9606,218.681929,151.468504,160.365977,208.726953,358.760592,236.387502,179.698362,270.93467,352.200051,283.813809,111.161207,57.651688,95.802273,57.115285,31.757319,33.528736,29.535686
Solar fotovoltaica,66.642505,49.615015,36.440805,26.019065,61.906689,78.224394,85.346083,65.444285,37.575466,33.361581,63.062097,72.008201,45.413234,45.32826,22.949573,33.658894,45.704877,45.095572,22.096582,73.044439,82.67595,82.179016,89.651771,93.603533,94.045903,89.30219,88.622458,81.219458,60.324973,75.648853,86.247053,106.629251,109.896558,107.806265,109.309632,87.942263,85.230018,63.57045,39.322866,30.622475,78.601989,42.131945,88.152227,80.245157,77.651453,42.450431,92.943439,127.150812,118.455298,125.413521,126.302512,106.504172,72.834058,99.777889,98.482783,52.880292,85.977384,103.146515,127.807743,121.62015,124.521298,58.105816,98.833085,74.989322,144.245528,142.689685,74.729097,84.897533,49.273703,75.044545,122.814141,150.845337,145.412279,119.02162,124.402477,133.819753,127.711816,107.926778,125.959899,107.417466,100.768853,112.729048,88.580827,72.22369,53.620203,96.602657,73.599493,75.387588,72.669077,75.804767,58.703513,113.212722,103.328431,130.477607,136.606992,132.858014,69.591054,90.263851,105.295335,141.700935,139.102361,148.415462,155.812946,134.657093,125.103209,141.563397,149.112573,147.683253,150.976453,159.805872,141.956682,137.776364,145.126631,161.428975,183.243204,143.816503,130.367082,111.883713,137.939332,129.778528,130.65003,112.667626,165.111991,181.671278,162.296623,120.599319,151.451233,182.844542,183.389199,173.63457,175.687436,144.607172,135.235199,162.586851,152.097468,168.536455,155.328995,147.372205,176.736207,141.292841,164.151277,165.237569,181.926872,184.46997,201.28674,183.000536,148.825731,186.053318,185.576366,192.560073,181.038398,161.521789,151.084189,154.540195,179.006359,192.544359,187.767057,166.341664,136.104972,126.232384,115.453991,126.005907,157.393271,155.360856,181.031073,189.116424,159.365351,149.205161,199.976395,145.691212,142.392935,156.259463,203.714026,177.058515,152.116098,193.71686,193.514861,155.911027,146.446531,124.268754,105.721224,155.230905,178.960656,201.34379,206.229417,202.360769,197.830115,151.679634,162.756694,197.90871,198.19898,206.135379,206.358293,212.186465,190.618588,174.513465,186.625652,206.533202,197.799773,154.455584,197.679997,187.884273,177.048819,198.185098,199.344095,198.606011,195.801489,190.828424,189.099234,168.004677,124.691807,172.024232,194.405499,199.249105,190.920762,193.614009,192.284888,192.773616,191.765998,191.647247,192.908392,190.796006,178.461883,167.871261,186.059756,148.35509,166.40474,171.053657,187.199185,184.720068,173.475123,185.105469,176.812781,165.290342,172.765572,173.781189,164.375098,138.045164,167.691771,172.085446,167.968766,132.294327,144.209393,127.947474,149.532444,157.42101,153.992303,156.448096,155.501653,175.331401,150.231556,152.576334,180.718754,172.454528,162.906493,152.844649,152.152129,154.599572,137.847116,159.796042,144.442725,131.600598,96.407966,103.620794,98.540958,123.555532,143.874766,94.162193,86.295915,100.411951,131.818742,139.593079,129.608649,157.884573,136.439712,95.716,130.731828,138.78863,119.062048,95.138176,61.660256,85.576916,65.432668,122.762275,80.361155,43.889038,88.442224,67.501079,52.094204,85.163545,92.643577,107.693656,97.70414,103.222272,129.539688,112.170178,115.185554,108.440009,69.667916,74.080699,76.300989,96.100733,34.795676,58.21617,56.144009,76.258206,99.650826,95.329315,83.857962,92.265336,110.960499,101.903668,52.745731,80.468325,99.799671,101.895087,95.810257,41.521963,42.826743,64.81374,68.964955,69.170248,91.486012,76.947102,86.327885,44.309895,60.502094,81.593619,53.6684,56.61894,65.749432,94.448549,89.273273,71.183002,82.509497,52.128663,58.667413,62.543708,79.196451,87.028701,80.900057,73.591454,82.238025,90.45674,93.676302,64.207244,55.983634,72.330974,79.750323,86.144068,96.856745,75.264458,71.188565,48.863671,89.919883,97.319705,98.992289,93.304079,95.814084,97.693267,83.739592,86.501394,88.210738,85.835792,87.250825,78.089479
Solar térmica,2.768958,2.760043,1.063676,0.001363,2.258275,3.103793,5.427234,1.586102,0.244447,0.942819,1.98275,4.437138,0.331815,0.882238,0.167318,0.151342,0.319327,0.403884,0.180408,4.878538,5.863265,6.108789,7.576607,8.703646,7.04855,5.202588,6.026803,2.480231,0.701041,4.883534,5.756445,8.397906,8.703865,9.716511,9.811319,2.710958,4.479107,1.174186,0.354804,0.167778,0.696811,0.263352,3.827161,3.409388,0.789345,0.229829,4.798476,13.081761,12.71505,14.592246,15.259388,10.104579,1.924326,4.037878,4.081917,0.279579,2.766963,10.43885,15.475132,12.128393,13.999261,2.107769,5.826699,1.343691,14.389397,13.961581,1.307819,1.75357,0.337033,1.454271,11.085447,17.210844,12.788538,7.070226,8.907089,11.258369,8.744965,0.957874,3.398781,2.732422,2.364245,1.775893,0.173262,0.12642,0.121468,2.647048,0.642655,0.597286,1.375634,0.500094,0.781304,7.914485,4.069032,10.117391,15.449978,13.343074,0.818902,6.010944,6.257605,19.9823,22.14842,22.799469,21.837208,23.225664,17.602412,21.572388,22.323601,17.121447,17.614363,13.219008,8.779511,17.151586,21.450102,24.019619,21.740689,14.981732,6.542585,6.468686,15.674723,15.08125,8.001268,8.389272,15.351024,22.501515,25.323443,9.869721,10.979961,21.916396,21.481618,15.113888,21.448581,21.523092,19.050904,18.822557,16.66205,17.184083,13.440351,12.746777,22.301113,21.058555,18.127888,17.179549,23.373629,20.350648,23.12766,27.477548,21.552364,22.612706,22.928849,23.467257,23.59881,20.739877,22.772828,23.315097,20.0779,22.178093,21.763315,11.602994,2.835021,3.685536,4.600288,6.062002,15.52238,18.527423,23.903545,24.991809,25.008748,26.063801,24.447914,14.006497,8.359392,14.869073,24.901441,26.214677,24.692935,23.439678,24.124993,11.278956,4.562145,3.709601,3.65495,13.384988,21.425492,24.214667,24.578351,22.523398,23.468118,20.948232,21.393024,23.255391,23.542364,24.661715,23.817516,24.344452,24.162363,24.173119,24.091346,23.184384,22.020661,8.095737,17.090299,23.402123,24.983181,26.924095,26.368493,25.502272,23.716057,23.135613,24.127276,17.111126,4.795119,13.711084,19.976008,23.942221,21.80791,24.209044,22.670036,22.795385,22.342411,22.774744,23.05878,25.772133,24.854181,24.87339,25.037683,16.447096,22.053359,26.679402,25.730315,23.620183,25.519287,25.774239,23.598455,20.624093,21.131497,22.155073,22.002181,21.455935,19.808121,18.859543,18.50081,12.411025,13.031068,7.621266,13.714933,19.787227,21.144509,22.069034,18.835548,21.682294,15.962229,19.823492,23.507241,23.513031,19.987539,17.346651,20.350289,21.080551,20.732747,20.365067,15.102066,11.532644,4.24061,4.136378,7.37157,7.547968,11.036212,1.873764,1.257512,4.307415,14.081507,17.333305,20.145734,20.100509,12.386068,5.81991,8.582662,11.70992,10.134785,5.561654,0.474631,2.546026,0.864289,6.727963,0.90137,0.580483,1.562906,0.811653,0.252971,2.087476,6.542726,5.786842,6.670954,6.425421,13.782772,11.397306,11.637626,6.893365,1.324879,2.069078,4.078354,5.207749,0.17667,0.470297,0.327973,2.68186,7.329155,5.397067,2.403398,5.997665,9.068865,6.237589,0.157405,2.175873,5.715452,8.23695,8.196311,1.141016,0.208982,1.865561,1.697051,0.310279,3.139554,2.361989,4.399054,0.446611,0.400022,4.188749,0.852874,1.236135,0.308826,4.7852,3.231919,0.886353,2.132257,0.365836,0.362738,0.972597,2.500658,2.568356,3.129109,2.256172,5.760796,5.632605,5.440808,3.75659,0.903925,2.182739,1.15399,1.950273,4.550155,1.925426,1.099601,0.343156,3.637973,5.757669,5.362373,6.053269,6.429918,6.401304,5.454513,5.240975,5.562311,4.891073,4.880969,4.002445
Otras renovables,6.171128,6.82063,7.570068,8.209237,8.140782,7.577274,8.38754,9.143409,9.350501,9.595661,9.023079,9.750857,10.723087,10.431893,10.495785,10.637367,7.796555,8.239529,9.594171,9.753891,9.485147,9.001437,9.641624,9.584279,9.75935,9.445155,10.114373,8.96875,9.633093,9.895905,10.582152,10.689763,11.080123,11.024042,10.796627,11.014932,9.944131,8.109862,7.259458,7.583051,5.514195,6.373704,7.128351,9.610091,10.112825,10.167747,10.434525,10.198382,9.506201,9.735122,10.658975,10.808437,8.797253,7.160825,7.438285,7.403764,6.444479,7.280451,7.819207,8.381682,8.099302,8.006685,7.986971,8.251658,9.476754,9.643597,9.325402,8.61758,8.530335,8.336267,8.213181,8.95375,10.221302,10.879394,11.06061,11.724339,11.261271,11.171717,11.335187,10.377435,9.770923,10.952566,10.613018,11.200714,11.481717,10.523496,10.725123,11.376108,11.426366,10.90785,9.805686,10.058698,10.013892,9.28958,9.839903,9.711472,9.82933,9.224803,9.669272,9.591026,9.384382,9.800467,10.221115,10.242374,9.821738,8.468636,8.630811,9.000069,10.219717,10.688978,10.379518,9.941846,9.944887,10.312625,10.25098,10.955143,12.122116,11.513762,11.835382,11.419893,12.019616,9.943116,9.49916,9.318966,8.934192,9.019497,8.874317,9.345962,9.645165,9.307805,9.613161,9.87187,9.576636,9.146069,8.931268,9.470035,9.295795,10.06833,10.500614,10.686664,10.302128,10.259509,10.584214,11.031317,11.863587,11.412483,11.106808,10.435121,10.731743,11.392765,10.943635,10.322283,10.142149,9.435291,9.286319,10.889544,10.623303,11.226177,11.293168,11.038162,10.604422,10.882274,11.030607,10.860588,10.699054,11.017914,11.185881,10.676261,10.90348,11.459923,10.923292,11.469311,11.908945,11.886959,11.167514,10.594559,10.641572,10.66488,11.680935,12.134354,12.151613,11.896147,11.073537,11.304754,11.41342,12.111379,12.124751,11.867834,10.990795,11.893493,11.661753,11.624219,12.136319,11.329605,11.933487,11.994408,12.470837,12.613755,12.794021,12.905939,12.088633,11.145935,9.816441,10.820562,10.66001,10.288871,10.527074,11.39524,10.746108,10.197732,10.693642,10.333026,10.205453,10.004077,9.409662,9.605262,9.872179,11.053146,11.18757,11.17641,10.79406,11.118006,10.780519,10.738931,11.144814,11.082376,11.309851,10.783412,11.25957,11.400095,10.427642,9.212341,9.534248,10.108482,11.018734,10.183639,9.717206,9.844451,9.830339,9.092411,8.633542,8.963003,9.369306,11.07142,10.80794,11.584283,10.72906,10.65963,10.590109,10.294799,10.412096,9.929679,10.146773,9.95182,9.400537,10.117009,10.694092,10.269892,9.384827,9.022383,9.781319,10.097757,10.973888,10.279148,9.266891,9.232896,9.271324,9.160737,8.784435,8.344518,9.240966,8.779145,8.735888,9.026023,9.680128,9.583012,7.693428,9.262963,9.689243,9.378144,9.407253,8.018614,7.447887,8.728003,9.728153,8.898828,8.188611,8.599503,8.925029,7.47086,7.509798,7.175267,7.174866,6.479794,6.812572,8.320107,9.801241,9.539943,10.36851,10.369817,11.158314,10.778968,10.635981,9.670016,10.000116,9.829869,10.994056,9.816605,10.623978,11.186093,10.862715,10.906366,10.557639,10.440774,9.842429,8.798415,8.642039,9.063087,9.822763,10.379881,10.042636,10.479727,10.401538,9.838336,9.518223,9.697254,10.090169,10.903588,9.361441,10.245896,10.130917,10.614632,11.121373,10.999413,11.29245,10.698256,10.661886,10.593707,10.278234,11.712833,11.768422,10.148917,9.38706,10.477067,10.408969,10.881324,11.534335,11.761675,11.705613,11.319618,11.448417,11.491978,12.0281,11.459236,11.763057,11.9269,11.775663,10.914261,11.570769,11.343111,11.282639,11.490026,10.700288,10.4492,9.83891,9.617498
Cogeneración,29.068821,38.357135,46.540326,58.299828,53.839946,41.784941,48.119107,58.531533,61.994231,62.389931,62.852283,63.203971,59.344719,54.901732,56.891403,56.601486,40.164185,46.778193,59.551121,58.618917,55.017158,57.342152,58.380875,58.733257,58.860863,61.031997,58.083684,54.675283,58.176053,60.818941,61.463486,60.488976,58.17126,55.318327,53.851888,58.323912,57.980305,53.557967,50.754598,48.215595,32.683193,42.437055,49.339046,56.132327,56.743415,55.531516,56.530782,52.392785,51.521441,52.689592,52.261571,52.77162,36.641077,34.057722,31.322712,30.055244,31.874589,32.924556,34.202549,34.496831,32.87287,30.964354,30.48866,32.960176,40.012051,47.176741,38.021845,32.692747,29.478872,29.139978,34.490566,45.308393,48.123436,48.589519,47.55725,43.998529,42.108664,50.306674,51.851218,53.070491,51.34801,43.577589,30.837591,30.759056,39.005445,32.712075,29.90235,27.221993,27.054767,27.295431,25.464711,26.664923,29.748979,31.841379,30.863782,26.505946,25.124255,24.5708,25.307188,25.225254,25.762991,28.579636,33.196056,27.924431,25.737574,24.604709,23.411622,24.820982,24.634595,27.966182,24.755224,23.211733,24.354224,25.917513,31.256444,43.36754,46.158358,39.664716,39.125912,47.867784,49.703498,38.326065,41.839689,44.604345,39.368742,39.022306,46.770584,46.481073,43.298708,45.072795,45.012361,41.049408,39.188174,39.193637,37.214301,39.927188,44.021338,50.001002,45.160269,41.99932,44.433686,46.508349,46.448637,48.429626,49.672276,44.381981,41.664799,43.570593,43.045061,44.998043,40.435267,28.739221,26.020593,26.230349,37.415982,51.172902,53.542182,56.904657,55.897932,53.41291,39.833856,49.508165,53.861511,53.400106,53.310947,47.84964,38.208612,37.713827,43.067758,50.10057,55.334096,57.365081,58.089595,46.010181,37.473762,43.149112,52.16801,55.907526,56.036624,57.108909,50.496974,47.911521,46.304734,42.668305,47.481585,46.226785,46.693073,35.016725,31.901317,47.099688,50.403198,53.783563,54.14661,48.607702,43.685954,41.360773,44.541059,53.397234,53.558277,55.123879,55.753051,41.664544,32.752191,49.957817,54.026609,53.952519,53.487493,54.229926,45.534237,40.381033,52.427282,50.957719,52.3108,53.7295,51.100845,44.269413,41.816665,48.939388,49.094902,48.677236,48.981475,49.853936,39.132171,36.406909,46.533915,48.919148,45.974057,31.341026,39.971506,36.040354,30.60554,45.004798,46.795205,43.399668,51.005796,51.759065,38.834899,30.475712,47.356718,50.838534,51.498812,53.280225,52.989248,50.601132,45.519906,51.568432,51.523721,49.960942,52.864354,50.074715,45.873672,43.373485,47.660973,47.157426,47.952961,49.274023,40.777824,35.279868,30.035334,28.634324,28.000279,49.304272,55.063101,57.213007,50.465574,47.162322,52.00478,53.872038,44.238223,27.227281,27.060975,28.995667,30.334054,45.803577,50.633315,50.521204,38.150491,49.349299,36.754694,22.785105,29.70516,23.80442,22.585673,40.156314,52.428153,40.055924,34.460226,49.895465,47.894192,32.713702,35.809471,34.577243,31.821384,31.266194,48.423952,47.628495,48.290834,43.759539,36.892765,31.235004,38.41505,41.030483,43.038407,44.887351,52.990314,45.660379,48.686756,41.789835,53.642886,56.337421,57.683503,57.947693,56.998716,53.909572,48.593178,48.992111,43.14909,55.038996,56.77287,58.371336,54.563906,52.480662,56.997376,54.923386,47.499402,43.884916,52.95432,38.703903,25.123834,41.954149,57.788045,58.526094,59.579318,60.038783,58.027648,55.808181,59.353288,57.835166,56.648631,58.787937,53.61452,28.238936,25.970625,34.916784,53.047502,58.633787,60.447586,61.392275,58.827962,53.57453,56.273849,57.431893,56.832297,48.713417,56.301389,49.449957,33.887864,29.969295,29.301874,31.047355,44.114174,48.926199,48.92814,47.391269,49.778421,44.659342
Residuos no renovables,3.332929,3.282372,3.125789,3.924826,3.753182,3.7333775,3.6013595,3.745919,3.852794,3.9613,4.3853635,4.606589,4.3298385,4.129696,3.798851,3.678297,3.2100855,3.2429445,3.149786,3.2337,3.0520735,2.767639,2.8599595,2.8350195,3.057107,3.3973525,3.317202,3.2883025,3.9198085,4.002677,3.995153,3.7859995,3.9200595,3.969165,3.7950815,3.76335,3.534413,3.5114265,3.295317,3.2712325,2.6627215,2.332725,2.3577795,2.4316365,2.8575865,3.164808,3.084223,3.273603,3.174698,3.3256815,3.3135935,3.782378,3.199986,2.726678,2.7551535,2.673203,2.5949815,2.750811,2.6155355,2.2310945,2.2355015,2.269503,2.393068,2.591411,3.0891835,3.3110405,2.8483505,2.8611445,2.8395025,2.6826285,2.390837,2.4743805,2.3819165,2.1649125,2.2281455,2.3084205,2.0320745,1.7796255,1.889779,2.2751145,2.1907035,1.9279655,2.1030415,2.334842,2.431597,2.748929,2.529721,2.518714,2.9194785,2.9891245,2.906038,2.845857,2.872284,2.779859,2.746301,2.6300125,2.740955,2.5822045,2.3312725,2.1129295,2.026074,2.0811085,2.028225,2.1513665,2.3075415,2.269646,2.297477,2.2672105,2.423285,2.3217675,2.291572,2.1618115,2.285963,2.1984475,1.9190925,2.2361855,2.3847595,2.430678,2.650966,2.5909955,2.377107,2.069356,1.8326365,2.142898,2.1112325,2.3504745,2.1832365,2.2746955,2.072972,2.366721,2.2973835,2.3394005,2.4096955,2.118222,2.1556455,2.528346,2.7087045,2.8454615,2.861782,2.785328,2.9353515,3.2869145,3.2953015,3.4273925,3.495702,3.086463,2.9007695,2.7604925,2.9002515,2.9271435,2.696651,2.26559,2.530972,2.4582765,2.4155295,2.7402705,3.3525555,3.388119,3.6552395,4.099902,3.836868,3.73187,3.0969205,3.3537125,3.8515895,3.7103935,3.734335,3.725719,3.8060125,3.837178,4.013597,4.349079,4.2162135,3.595811,3.440237,3.747434,3.909151,4.0108665,4.254775,4.226892,4.1332705,4.213131,4.011749,3.442832,4.2789595,4.0239865,3.822722,3.705075,3.646907,3.7814575,4.834568,4.894824,4.64472,3.5703755,3.316382,3.3615785,3.5316535,3.87342,3.7582075,3.709193,4.9650055,4.8953035,4.641115,4.990344,5.18909,5.0753105,5.4303815,5.423526,5.477592,5.1466075,5.2422685,5.3346835,5.3755215,5.6365865,5.094004,5.0048705,5.1476125,5.3923435,5.500628,5.325653,4.8808935,5.398292,4.8064065,4.6789535,4.955821,5.070341,4.75199,4.192175,4.878783,5.069559,4.8039215,5.188114,4.931765,4.605648,4.9403885,5.156637,5.0576945,4.880651,5.113995,5.113551,5.157897,5.304812,5.3725265,5.3184145,5.114353,5.239735,5.181535,5.053936,5.052621,4.818276,4.6338365,4.686747,5.0243765,4.921646,5.0306205,4.919805,4.699188,4.4021105,4.3029865,4.1641365,4.140589,3.346976,3.981219,4.3482005,4.065566,4.0438235,5.0408035,4.952754,4.6067385,4.0517205,3.505792,3.5810435,3.2067325,3.4825895,4.3842845,4.297645,4.060448,4.270342,4.013357,3.676065,3.67751,3.787205,4.0393185,4.4276615,4.3846085,4.3581155,4.3713435,4.3493765,4.2044545,3.9790075,4.0927225,4.3915575,4.2862215,4.3275995,4.4366165,4.035938,4.22615,4.0963855,4.271536,4.0668605,4.330192,4.457328,4.6401475,4.6226825,4.038597,3.9101325,4.208953,4.020485,4.529593,4.907146,5.097644,4.961115,5.178067,5.21211,4.9113815,4.7096355,4.66503,3.842877,3.77554,3.968468,4.1980255,3.889439,3.9576895,3.914283,3.579872,3.552608,3.605345,3.2383215,2.8258715,3.2747545,4.129114,4.1611615,4.140517,4.282651,4.286523,4.379117,4.377941,4.3891025,4.153588,4.229702,4.0928695,3.30595,3.415969,4.392316,4.839357,4.6136185,4.380008,4.5041535,4.738171,5.056839,4.188838,4.0414755,3.996402,3.835031,4.0088835,3.545681,3.4477255,3.385672,3.4470715,3.474359,3.615212,3.5812595,3.752918,3.6772745,3.5422685,3.553261
Residuos renovables,2.470343,2.427951,2.412098,2.548542,2.421029,2.4168615,2.2647795,2.207986,2.183599,2.524593,2.6701865,2.767258,2.4877865,2.353276,2.33165,2.282382,1.9866905,1.9797685,1.977932,2.06591,1.9404635,1.853136,2.0124395,2.0325215,2.007849,1.8719535,1.841933,1.8421735,2.2412445,2.378454,2.440336,2.3994495,2.4119645,2.372597,2.3179175,2.289745,2.032648,2.2183235,2.108132,2.2243265,1.8708165,1.381464,1.3668715,1.3302195,1.8030965,2.181989,2.224667,2.229806,2.23773,2.1913645,2.0976255,2.206397,2.108827,2.073363,2.1073055,2.099957,2.0163175,2.035505,1.7110935,1.3863675,1.3919905,1.421815,1.472412,1.78509,2.1167335,2.3102345,2.1113385,2.0841975,2.1086885,1.9165445,1.69931,1.6353055,1.6146845,1.6128785,1.5928415,1.6412205,1.4276155,1.1686045,1.230791,1.4851525,1.2286125,1.4111035,1.4490785,1.607598,1.81868,2.100754,2.052067,1.935577,2.1134375,2.1413135,2.09766,2.045087,2.052941,1.994398,2.058398,1.9054555,1.908088,1.8715785,1.7350645,1.7628395,1.596859,1.4961685,1.468757,1.6158725,1.7550065,1.681877,1.635036,1.6866345,1.686747,1.5534035,1.528278,1.4785305,1.619943,1.5417715,1.3712075,1.3910525,1.4668785,1.547051,1.707005,1.6443095,1.474844,1.205664,1.0631735,1.340811,1.4618265,1.6140525,1.4158035,1.4523965,1.27166,1.642975,1.4508585,1.4262485,1.5158665,1.441526,1.3971585,1.703061,1.8123465,1.8743335,1.957705,1.976543,1.8664485,1.7708215,1.8905095,1.8635185,1.880255,1.77396,1.5965805,1.4850015,1.5099845,1.5809315,1.571018,1.589382,1.811037,1.7500615,1.6435525,1.7250635,1.8043595,1.802924,2.1018395,2.564339,2.533835,2.166906,1.7216065,1.8108115,2.5752135,2.5195805,2.518317,2.525866,2.4132235,2.53531,2.534821,2.782885,2.6320265,2.462384,2.542306,2.651934,2.53454,2.6439375,2.837283,2.765437,2.7468785,2.821355,2.818261,2.401373,2.8071235,2.8004035,2.787973,2.749174,2.730089,2.5780935,2.564978,2.641231,2.434004,2.3686715,2.263871,2.2452405,2.4844365,2.462821,2.3955935,2.353553,2.6005485,2.5884405,2.433971,2.529227,2.622393,2.4929025,2.5692825,2.58432,2.638896,2.3678495,2.3431375,2.4856165,2.5535265,2.6896655,2.606622,2.4132825,2.3787365,2.4621865,2.667998,2.691306,2.6671475,2.792247,2.3431335,2.2334695,2.330796,2.408645,2.267236,2.008571,2.465229,2.673273,2.7179695,2.743198,2.4499,2.174152,2.3617475,2.59909,2.6443165,2.520898,2.603236,2.59523,2.708226,2.725871,2.6695785,2.6387235,2.601209,2.623878,2.628083,2.656479,2.511018,2.389836,2.3429945,2.439654,2.5946465,2.542334,2.5957275,2.525833,2.531372,2.5240025,2.5427195,2.4774715,2.483476,2.665578,2.76255,2.7365295,2.691659,2.5914775,2.5894565,2.577857,2.4578595,2.3820615,1.944963,2.1770895,1.9001475,1.8682355,1.8931085,1.935446,1.875128,2.016564,1.952365,1.876505,1.828518,1.960988,2.2539595,2.4081865,2.3492495,2.3679725,2.3327275,2.3305695,2.1890835,2.0651735,2.1873035,2.4139355,2.3830905,2.3989815,2.3718055,2.155854,2.301387,2.0583505,2.164589,2.1311995,2.051167,1.970179,1.9779505,2.1333735,1.626256,1.6756825,1.764295,1.667427,2.163491,2.498796,2.625378,2.619546,2.641544,2.6732,2.4481505,2.4904815,2.513604,2.648609,2.68005,2.680572,2.7033325,2.662035,2.6795615,2.515618,2.54394,2.521883,2.537776,2.4949255,2.4542575,2.4125975,2.569343,2.6314705,2.777578,2.694141,2.722088,2.735074,2.732556,2.8084965,2.515671,2.643298,2.5851005,2.511178,2.520012,2.491031,2.677685,2.1302585,1.850709,2.0502235,2.148391,2.510457,2.479299,2.6717955,2.654323,2.719668,2.9528005,2.829023,2.7618045,2.681378,2.5994875,2.638895,2.80783,2.8020395,2.888139,2.8484965,2.7108265,2.742817
Generación total,599.996296,736.34909,741.532292,660.775779,776.481001,774.963779,764.264634,839.264175,800.378007,810.132114,852.616442,794.568699,712.600902,736.144402,777.495865,786.790174,843.721889,789.378573,777.037612,687.027209,687.847081,790.11495,772.884937,716.396574,741.735657,684.779826,641.060365,678.509615,713.21324,709.286703,729.806642,796.334162,789.043329,632.015969,592.744669,665.365958,695.59809,791.250044,801.919959,781.480288,801.818906,722.891474,818.821395,717.620553,702.050593,742.159283,790.794064,711.913032,646.693757,786.866827,772.534334,739.477904,803.880335,814.308987,761.519906,702.193201,798.208402,802.139248,802.592919,797.005051,822.44024,723.175096,711.614707,746.175851,738.323047,709.260049,780.712773,791.427962,709.728403,662.658386,752.539503,704.502152,696.253963,726.124292,700.945845,657.919432,655.746296,649.889108,684.942897,714.279251,726.841872,685.555892,703.654923,625.123885,695.596166,777.874376,766.718295,729.740734,670.689002,663.285484,648.469555,716.380235,709.866119,732.309625,708.834735,731.361102,642.340829,575.169402,702.695183,700.778482,715.908466,695.862757,657.767665,596.175503,574.348641,687.713067,738.35005,745.142808,751.632811,694.791382,682.370842,666.459252,752.793494,756.916077,770.116815,705.565982,703.779432,675.338907,573.180573,671.356825,689.988623,655.694426,733.575653,715.264633,706.799127,628.735614,700.431048,754.121115,738.048821,661.029352,682.914918,614.373614,538.979493,681.126007,713.37026,700.814237,703.742762,674.929719,611.648893,561.220762,628.143098,667.635684,672.865849,669.076513,674.038656,631.077956,567.859463,688.539204,671.308529,703.440264,745.391418,772.840751,718.60206,677.200232,712.311953,681.014687,721.225465,759.93896,756.537012,675.365862,674.647163,704.088881,721.254484,725.493448,686.230065,723.558792,632.523251,598.879693,743.400878,717.459875,700.193602,748.453133,736.564778,681.749163,675.913784,722.335976,736.273581,748.482642,745.656658,754.457659,667.270798,621.183634,767.504517,799.864433,784.714167,769.797105,783.802499,669.876783,626.887583,751.270366,777.801712,770.448493,826.47463,826.488117,706.753685,658.201682,798.111036,770.548909,793.65101,778.926333,806.84555,758.003199,739.742739,773.32025,810.910266,850.442749,814.377544,777.436117,744.468822,719.463488,789.331876,846.218308,836.376398,851.122255,836.350016,744.86742,697.505531,748.677522,778.836258,784.052468,770.047373,772.895292,731.511308,706.155722,747.516377,715.401918,756.253069,698.661939,695.609728,685.278845,700.369496,739.018283,729.098114,759.534889,725.363015,735.815288,710.333821,684.73375,748.582189,763.441195,789.287221,787.561579,787.185886,711.283646,647.136928,741.85286,777.056758,782.671625,727.132061,763.214058,666.955222,659.387404,752.618069,761.766919,742.158111,765.815782,780.479671,667.103238,661.744703,776.777422,759.434787,731.10249,715.033915,711.489709,653.64088,602.959753,677.691807,658.620427,723.502238,792.60996,733.040725,628.704835,623.120824,676.429656,716.329412,774.382736,790.156837,742.589178,666.714613,649.814963,719.258052,745.455546,724.765168,715.113297,663.398684,609.949895,554.470394,653.464045,698.895753,711.748369,732.469728,749.876356,630.281365,584.198518,676.349263,716.988492,698.548551,712.402412,677.192041,642.107775,614.808083,719.872689,738.63476,741.467568,645.783277,579.219867,587.828582,606.750813,665.092037,662.389368,671.913679,672.016175,669.255761,659.236001,674.461749,738.105395,764.891309,722.62556,700.478483,679.269272,594.81845,555.502332,688.740109,711.798168,795.005998,840.350133,751.399361,618.379949,659.063377,737.93322,718.849719,706.307719,697.790805,696.375194,622.319023,589.795876,715.275141,767.037525,797.819402,757.096188,701.854376,709.167509,739.634127,818.801863,815.551276,815.934908,804.787058,792.449501,714.754299,698.981049,734.247672,766.941895,743.741367,779.597369,756.874487,665.602091,712.940838,791.916174,713.718798,601.266467,633.64309,699.614169,654.973744,640.371885,692.522434,657.358863